{"tzre_rf_m12_ave_overdue_amount_level": {"A": 0.1234810567710212, "B": -0.04585330449612224, "C": 0.3850908889130269, "D": -0.7012601570732205, "E": -0.4716857154287204, "other": 0}, "tzre_rf_m1_max_overdue_amount_level": {"A": -0.2913518013407432, "B": 0.08675181875628334, "C": 0.5254093351863787, "D": -0.8303483020734304, "E": -1.9830278120118159, "other": 0}, "tzre_rf_m12_max_overdue_repay_delay_level": {"A": -0.10149203887990588, "B": 0.04546237407675741, "C": -0.023530497410194046, "other": 0}, "tzre_rf_m24_max_overdue_repay_delay_level": {"A": -0.05226152892489094, "B": 0.04381084603828441, "C": -0.5589971674393565, "other": 0}, "applthst_use_for": {"\u6d93\u6c49\u5a11_\u5782": 0.0, "other": 0}, "tzre_rf_m1_ave_repay_amount_level": {"A": -0.21833836837757434, "B": 0.35847752109619346, "C": 0.11668019746959415, "D": -0.3663410033014031, "E": 0.5598020250157636, "other": 0}, "xy_black_desc": {"N": 0.18756501900979514, "U": -0.053908656954361804, "___\u7ead": 0.1926011761896738, "_\u6735_\u5bee_\u7236": 0.0, "\u7ecc\u54c4\u517c__": 0.0366663745689141, "other": 0}, "tzre_rf_m6_ave_apply_request_amount_level": {"A": -0.09121088005338422, "B": 0.06293979977387414, "C": -0.1943447954935357, "D": 0.08541265562593281, "E": 0.0028358757041687796, "other": 0}, "tzre_rf_m24_max_overdue_delay_level": {"A": -0.2060938044772951, "B": 0.10738891391921908, "C": 0.7264281223254425, "D": 0.0, "E": -1.145374054576149, "other": 0}, "tzre_rf_m1_max_loan_offer_amount_level": {"A": 0.2550765984172189, "B": 0.4373981552111735, "C": -0.04443993168156484, "D": -0.05838959119027666, "E": -0.019360247284541422, "other": 0}, "tzre_rf_m6_ave_overdue_repay_amount_level": {"A": 0.03163248970339146, "B": -0.17394592925483046, "C": 0.43709759781155594, "D": -0.49756001093267477, "E": -2.013907500300763, "other": 0}, "sd_blacklist_mobile_blacklevel": {"DLQ90plus": 0.0, "DLQX": 0.0, "fraud": 0.0, "none": -0.005333345975362617, "other": 0}, "tzre_rf_m24_ave_apply_request_amount_level": {"A": -0.20452894236385202, "B": 0.29524684521555367, "C": -0.12153202279288408, "D": 0.03142205524028389, "E": 0.00934097216502836, "other": 0}, "tzre_rf_m24_ave_loan_offer_amount_level": {"A": -0.2161564129015317, "B": -0.08411422382847684, "C": 0.0858621375368412, "D": -0.04270568867346828, "E": 0.2952521313123263, "other": 0}, "tzre_rf_m3_ave_loan_offer_amount_level": {"A": -0.1916029478916509, "B": 1.1789430562601007, "C": 0.2216443006585686, "D": -0.2675701648528448, "E": -0.2814592770135119, "other": 0}, "tzre_rf_m1_max_repay_amount_level": {"A": -0.16467667239482273, "B": 0.03216928293339175, "C": 0.22219439230323415, "D": -0.18999219120883384, "E": 0.4544415093579372, "other": 0}, "tzre_rf_m12_ave_repay_amount_level": {"A": -0.19015226594814633, "B": 0.18751842519307169, "C": 0.09092636017532851, "D": -0.09445373334575555, "E": -0.0835571421215423, "other": 0}, "tzre_rf_m24_ave_repay_amount_level": {"A": -0.1816542570232802, "B": 0.13417067242629743, "C": 0.0590242186699872, "D": -0.014396153181603465, "E": 0.7325122042697944, "other": 0}, "tzre_rf_m24_max_overdue_amount_level": {"A": 0.15665265637604509, "B": 0.019769449346242307, "C": 0.1802352748850249, "D": -0.46120321127006736, "E": -0.20195465531374127, "other": 0}, "tzre_rf_m6_ave_loan_offer_amount_level": {"A": -0.16557937565088107, "B": 0.08128070228064474, "C": 0.05404923355588411, "D": -0.018043934942342122, "E": -0.04041623269687509, "other": 0}, "tzre_rf_m3_max_overdue_amount_level": {"A": 0.15685495035689412, "B": 0.09917118846178435, "C": 0.18038544776708804, "D": -0.8574969946934757, "E": -0.9597758438138939, "other": 0}, "tzre_rf_m3_ave_overdue_delay_level": {"A": 0.05423482371766377, "B": -0.09991585610959454, "C": 0.8214899764313309, "other": 0}, "tzre_rf_m3_ave_apply_request_amount_level": {"A": -0.05457736958874032, "B": 0.5075415485648008, "C": -0.19088268909598827, "D": 0.17037941884965008, "E": -0.21092343997943439, "other": 0}, "tzre_rf_m12_max_loan_offer_amount_level": {"A": -0.15593260754091987, "B": -0.3431762415403029, "C": -0.058582815629172634, "D": 0.154146057655161, "E": 0.38516308052782705, "other": 0}, "tzre_rf_m12_max_overdue_delay_level": {"A": -0.21354709042594916, "B": 0.08323848599619904, "C": 1.0528586544732055, "D": 0.0, "other": 0}, "tzre_rf_m12_max_repay_amount_level": {"A": -0.2285263180820826, "B": 0.07430635116251103, "C": 0.04242565532929245, "D": 0.037767224525298085, "E": 0.20136249763432856, "other": 0}, "tzre_rf_m3_max_overdue_delay_level": {"A": 0.05423482371766377, "B": -0.11022522576845571, "C": 0.8904828479182825, "other": 0}, "tzre_rf_m6_max_overdue_repay_amount_level": {"A": 0.1525454183687026, "B": -0.15896912945117644, "C": 0.1629082054042492, "D": -0.22214803107270806, "E": -0.4044695878666628, "other": 0}, "tzre_rf_m6_ave_overdue_delay_level": {"A": -0.1758906664636643, "B": 0.04899050474908646, "C": 0.8173611065466192, "other": 0}, "tzre_rf_m6_ave_overdue_amount_level": {"A": 0.13062018241706422, "B": 0.08821354102942118, "C": 0.279743669801423, "D": -0.7907856501238614, "E": -0.8708283577973976, "other": 0}, "tzre_rf_m24_ave_overdue_amount_level": {"A": 0.0842065042973328, "B": -0.011002209320511477, "C": 0.28480394236961204, "D": -0.6289259686428694, "E": -0.3971243545855449, "other": 0}, "tzre_rf_m6_max_overdue_delay_level": {"A": -0.1758906664636643, "B": 0.03851920488179084, "C": 0.9227216222044455, "other": 0}, "tzre_rf_m3_ave_overdue_amount_level": {"A": 0.11960508292632815, "B": 0.047620436582554236, "C": 0.4027078686122782, "D": -1.3964934954261627, "E": -1.876066575688049, "other": 0}, "tzre_rf_m3_ave_overdue_repay_delay_level": {"A": 0.4360018319682461, "B": -0.04600335326225272, "C": -1.8152899666382492, "other": 0}, "tzre_rf_m24_max_repay_amount_level": {"A": -0.2296959520791092, "B": 0.016217290153754345, "C": -0.005683321313587579, "D": 0.10256575200576025, "E": 0.23173691635730503, "other": 0}, "tzre_rf_m1_ave_overdue_amount_level": {"A": -0.3488972869873439, "B": 0.1764564373415565, "C": 0.5369701575874546, "D": -1.1357299516246122, "E": -1.9830278120118159, "other": 0}, "tzre_rf_m12_max_overdue_repay_amount_level": {"A": -0.08164386230782894, "B": -0.09620091686976019, "C": 0.12489195260672026, "D": -0.06839863555780833, "E": 0.3370664725503561, "other": 0}, "tzre_rf_m24_max_apply_request_amount_level": {"A": -0.2239470282209536, "B": 0.18245135107020927, "C": -0.11949189967794002, "D": 0.027803035004763874, "E": 0.022913049710572207, "other": 0}, "tzre_rf_m24_max_loan_offer_amount_level": {"A": -0.19025568446937471, "B": -0.2631624552774623, "C": 0.022163903481859343, "D": 0.001635323340730838, "E": 0.4797081606349135, "other": 0}, "tzre_rf_m12_max_apply_request_amount_level": {"A": -0.2356411943267376, "B": 0.1557193075998849, "C": -0.07312226482896261, "D": 0.08951361689396167, "E": -0.06634257784358391, "other": 0}, "tzre_rf_m12_ave_apply_request_amount_level": {"A": -0.21622310846963594, "B": 0.2287444426147747, "C": -0.12744494656812036, "D": 0.0801063310233272, "E": -0.05114335811018741, "other": 0}, "tzre_rf_m6_ave_repay_amount_level": {"A": -0.16446228282790246, "B": 0.21564006057031165, "C": 0.027273483689028627, "D": 0.031498667059371016, "E": -0.19961305390401554, "other": 0}, "tzre_rf_m6_max_loan_offer_amount_level": {"A": -0.16557937565088107, "B": -0.005730674708985095, "C": -0.02307931304359789, "D": 0.06022729308281249, "E": 0.13452521679945703, "other": 0}, "tzre_rf_m24_max_overdue_repay_amount_level": {"A": -0.1088435206175748, "B": -0.08100872162413071, "C": 0.11430003069663487, "D": -0.05807119524415147, "E": 0.4327537618151698, "other": 0}, "tzre_rf_m3_ave_overdue_repay_amount_level": {"A": 0.09586946393523452, "B": -0.17086298220500923, "C": 0.3852624007906449, "D": -1.0165361468652108, "other": 0}, "tzre_rf_m12_ave_overdue_repay_amount_level": {"A": -0.10661984837800607, "B": -0.08749880693122755, "C": 0.2735530668280302, "D": -0.18774539319037448, "E": -0.35608070800958924, "other": 0},